iter	Logloss
0	0.2529508591
1	0.1438663483
2	0.08854355131
3	0.06411554473
4	0.04747338636
5	0.03937956946
6	0.02739482607
7	0.02420578684
8	0.01939331804
9	0.01674615656
